slug,sector,name,alternate_name,canonical_name_ar,canonical_name_en,city,district,short_address,branch_group,branch_label,reference_url,category,google_rating,google_reviews_count,price_level,work_friendly,group_friendly,late_night,family_friendly,indoor_seating,outdoor_seating,parking,quietness,crowd_level,specialty_coffee,desserts,official_instagram,phone,hours_summary,editorial_summary,place_personality,best_visit_time,why_choose_it,not_for_whom,confidence,status,duplicate_of,archive_reason,last_verified_at,last_updated_at,source_notes
samraa-cafe,cafes,سمراء كافيه,Samraa Cafe,سمراء كافيه,Samraa Cafe,بريدة,غير متحقق,طريق أبو بكر الصديق,samraa-cafe,main,,كافيه / مقهى,4.0,4052,$$,unknown,yes,yes,unknown,unknown,unknown,unknown,low,high,unknown,unknown,,,مفتوح حتى 2:30 ص,اسم جماهيري معروف مع حضور قوي ومراجعات ضخمة، لكنه يحتاج تثبيت تفاصيل التجربة.,اجتماعي وحيوي,قبل الذروة المسائية,حضور قوي ومراجعات ضخمة على محور معروف.,من يبحث عن هدوء عالٍ أو تجربة مختصة مؤكدة.,medium,partially_verified,,,2026-03-10,,Google Maps + no confirmed official account | Cleaning pass: normalized garbled text where confidently recoverable
booq-roastery-cafe,cafes,مقهى ومحمصة بوق,Booq Roastery & Cafe,مقهى ومحمصة بوق,Booq Roastery & Cafe,بريدة,النهضة,طريق أبو بكر الصديق، حي النهضة، بريدة 52389,booq,nahdah,https://www.google.com/maps/place/%D9%85%D9%82%D9%87%D9%89+%D9%88%D9%85%D8%AD%D9%85%D8%B5%D8%A9+%D8%A8%D9%88%D9%82%E2%80%AD/data=!4m7!3m6!1s0x157f5754be80d53b:0xc984f4dc49a84e17!8m2!3d26.4010867!4d43.9377844!16s%2Fg%2F11txrt_8vb!19sChIJO9WAvlRXfxURF06oSdz0hMk?authuser=0&hl=ar&rclk=1,مقهى / محمصة,4.3,2239,غير متحقق,partial,yes,yes,unknown,unknown,unknown,unknown,medium,high,yes,yes,https://www.instagram.com/pooq.sa/,,مفتوح حتى 3 ص,محمصة ومقهى ثقيل الوزن محليًا مع حضور واضح في السوق.,مختص وعملي,بعد الظهر أو بداية المساء,هوية محمصة + حضور محلي واضح + ثقل مراجعات.,من يريد هدوءًا عاليًا جدًا.,high,verified,,,2026-03-10,,Google Maps direct URL + official Instagram + place panel | Cleaning pass: normalized garbled text where confidently recoverable
ramadi-lounge,cafes,رمادي لاونج,Ramadi Lounge,رمادي لاونج,Ramadi Lounge,بريدة,النهضة,3161 طريق عثمان بن عفان، حي النهضة,ramadi-lounge,nahdah,https://www.google.com/maps/place/%D8%B1%D9%85%D9%80%D9%80%D9%80%D9%80%D8%A7%D8%AF%D9%8A+%D9%84%D8%A7%D9%88%D9%86%D8%AC%E2%80%AD/data=!4m7!3m6!1s0x157f57bf8197e215:0x1b38f49f4cd93ede!8m2!3d26.4078605!4d43.9272243!16s%2Fg%2F11rjl5rxfs!19sChIJFeKXgb9XfxUR3j7ZTJ_0OBs?authuser=0&hl=ar&rclk=1,مقهى / لاونج,4.5,2986,$$,no,yes,yes,unknown,yes,unknown,unknown,low,high,unknown,yes,https://www.instagram.com/ramadilounge/?hl=ar,,مفتوح وقت التحقق,لاونج جماهيري بارز موجه أكثر للتجربة الاجتماعية الليلية.,اجتماعي ليلي,المساء المبكر,أجواء ليلية وحضور رسمي قوي.,من يريد مكان عمل هادئ.,high,verified,,,2026-03-10,,Google Maps direct URL + official Instagram + rich result | Cleaning pass: normalized garbled text where confidently recoverable
canto-specialty-coffee-prince-sultan,cafes,كانتو للقهوة المختصة,Canto Specialty Coffee,كانتو للقهوة المختصة,Canto Specialty Coffee,بريدة,غير متحقق,طريق الأمير سلطان بن عبدالعزيز,canto-buraidah,prince-sultan,https://www.google.com/maps/place/%D9%83%D8%A7%D9%86%D8%AA%D9%88+%D9%84%D9%84%D9%82%D9%87%D9%88%D8%A9+%D8%A7%D9%84%D9%85%D8%AE%D8%AA%D8%B5%D8%A9%E2%80%AD/data=!4m7!3m6!1s0x157f59584c800d95:0x719e208882c6da8f!8m2!3d26.3702207!4d43.9800096!16s%2Fg%2F11m_cyp5g9!19sChIJlQ2ATFhZfxURj9rGgoggnnE?authuser=0&hl=ar&rclk=1,مقهى / قهوة مختصة,4.7,1502,1–20 ر.س.,partial,yes,yes,unknown,unknown,unknown,unknown,medium,medium,yes,unknown,,,مفتوح حتى 4:30 ص,سجل فرع مستقل على طريق الأمير سلطان، لكن ربطه الرسمي ببقية فروع كانتو في بريدة ما زال غير محسوم.,مختص حديث,بعد العصر,اسم قوي في شريحة القهوة المختصة.,من يريد سجلًا نهائيًا بلا تعارض فروع.,medium,branch_conflict,,,2026-03-10,,Google Maps direct URL; branch separated but no confirmed official account | Cleaning pass 2: retained as branch_conflict pending official branch map
ayl-cafe,cafes,أيل كافيه,Ayl Cafe,أيل كافيه,Ayl Cafe,بريدة,البساتين,الطريق الدائري الداخلي - الضلع الشرقي، حي البساتين,ayl-cafe,bastatin,https://www.google.com/maps/place/%D8%A3%D9%8A%D9%84+%D9%83%D8%A7%D9%81%D9%8A%D9%87%E2%80%AD/data=!4m7!3m6!1s0x157f59a3f8c51ccf:0x21bddc5bd6dd0be7!8m2!3d26.3288377!4d44.0108055!16s%2Fg%2F11p_34399h!19sChIJzxzF-KNZfxUR5wvd1lvcvSE?authuser=0&hl=ar&rclk=1,كافيه,4.7,1171,20–40 ر.س.,yes,yes,yes,partial,yes,unknown,unknown,medium,medium,unknown,yes,https://www.instagram.com/aylcfe/?hl=ar,,مفتوح وقت التحقق، وظهر أيضًا 4:00م - 2:00ص,كافيه عصري شرقي بريدة بحضور رقمي واضح وساعات مناسبة للمساء.,عصري ومرتب,بعد المغرب,حضور رسمي واضح وتقييم قوي.,من يحتاج قسم عوائل مكتملًا الآن.,high,verified,,,2026-03-10,,Google Maps direct URL + official Instagram + search snippet | Cleaning pass: normalized garbled text where confidently recoverable
nord-cafe,cafes,نورد كافية,Nord Cafe,نورد كافية,Nord Cafe,بريدة,الريان,حي الريان، بريدة,nord-cafe,rayan,https://www.google.com/maps/place/%D9%86%D9%88%D8%B1%D8%AF+%D9%83%D8%A7%D9%81%D9%8A%D8%A9%E2%80%AD/data=!4m7!3m6!1s0x157f5714b7e7efbd:0xc8d6ba2494220d93!8m2!3d26.396662!4d43.9240054!16s%2Fg%2F11gd1wq_xy!19sChIJve_ntxRXfxURkw0ilCS61sg?authuser=0&hl=ar&rclk=1,كافيه,4.5,896,20–40 ر.س.,yes,yes,yes,unknown,unknown,unknown,unknown,high,medium,yes,yes,https://www.instagram.com/nordcafes/?hl=ar,0565155599,يوميًا 6am > 2am، والجمعة بعد صلاة الجمعة,كافيه منظم وواضح الهوية، يميل إلى الجمع بين القهوة المختصة والجلسة الهادئة.,هادئ ومرتب,الصباح المتأخر أو المساء المبكر,معلومات رسمية أوضح من معظم السجلات.,من يريد لاونج اجتماعيًا صاخبًا.,high,verified,,,2026-03-10,,Google Maps + official Instagram + phone + hours from official snippet | Cleaning pass: normalized garbled text where confidently recoverable
vekt-cafe,cafes,فكت كافيه,Vekt Cafe,فكت كافيه,Vekt Cafe,بريدة,غير متحقق,طريق الملك سلمان,vekt-cafe,king-salman,https://www.google.com/maps/place/%D9%81%D9%83%D8%AA+%D9%83%D8%A7%D9%81%D9%8A%D9%87+%7C+Vekt+cafe%E2%80%AD/data=!4m7!3m6!1s0x157f5707b50a435d:0xba4730e52cdb336e!8m2!3d26.3960652!4d43.9365427!16s%2Fg%2F11vyf9zcv9!19sChIJXUMKtQdXfxURbjPbLOUwR7o?authuser=0&hl=ar&rclk=1,كافيه,4.7,824,1–20 ر.س.,partial,yes,yes,unknown,unknown,unknown,unknown,medium,medium,unknown,yes,,,مفتوح حتى 4:45 ص,قيمة قوية مقابل السعر ويستحق اهتمامًا تحريريًا واضحًا.,صغير ومحبوب,بعد العصر,قيمة سعرية قوية وتقييم مرتفع.,من يريد توثيقًا رسميًا كاملًا الآن.,medium,partially_verified,,,2026-03-10,,Google Maps direct URL only; no confirmed official account | Cleaning pass: normalized garbled text where confidently recoverable
adham-specialty-coffee,cafes,أدهم,أدهم | قهوة مختصة,أدهم,Adham Specialty Coffee,بريدة,غير متحقق,طريق الملك خالد,adham-specialty-coffee,king-khalid,https://www.google.com/maps/place/%D8%A3%D8%AF%D9%87%D9%85+%7C+%D9%82%D9%87%D9%88%D8%A9+%D9%85%D8%AE%D8%AA%D8%B5%D8%A9%E2%80%AD/data=!4m7!3m6!1s0x157f59503dc7d065:0xdfca6033b7d0b4f3!8m2!3d26.364522!4d43.9668487!16s%2Fg%2F11pzrmfjld!19sChIJZdDHPVBZfxUR87TQtzNgyt8?authuser=0&hl=ar&rclk=1,كافيه / قهوة مختصة,4.6,686,20–40 ر.س.,yes,yes,yes,unknown,unknown,unknown,unknown,high,medium,yes,yes,,,مفتوح حتى 4:30 ص,مكان مختص واعد ويميل للهدوء أكثر من الكافيهات الجماهيرية.,مختص هادئ,الصباح أو أول المساء,مرشح جيد للعمل والقهوة المختصة.,من يريد حضورًا اجتماعيًا صاخبًا.,medium,partially_verified,,,2026-03-10,,Google Maps direct URL + review summary; no official source confirmed | Cleaning pass: normalized garbled text where confidently recoverable
canto-abu-bakr,cafes,كانتو,كانتو / CANTO,كانتو,CANTO,بريدة,غير متحقق,طريق أبو بكر الصديق,canto-buraidah,abu-bakr,https://www.google.com/maps/place/CANTO/data=!4m7!3m6!1s0x157f579d6a8e8eed:0x8faca81075449a3a!8m2!3d26.4022144!4d43.937257!16s%2Fg%2F11lk9t2jxn!19sChIJ7Y6Oap1XfxUROppEdRCorI8?authuser=0&hl=ar&rclk=1,مقهى,4.8,860,1–20 ر.س.,partial,yes,yes,unknown,unknown,unknown,unknown,medium,medium,unknown,unknown,,,مفتوح على مدار الساعة,فرع أبو بكر يبدو جزءًا من شبكة فروع كانتو داخل بريدة، لكن التعيين الرسمي النهائي ما زال غير محسوم.,حديث وممتد الساعات,خارج الذروة الليلية,24 ساعة وتقييم مرتفع.,من يريد حسم العلامة الرسمية الآن.,medium,branch_conflict,,,2026-03-10,,Google Maps direct URL; branch separated but official mapping unresolved | Cleaning pass 2: normalized branch naming and retained as branch_conflict
yol-cafe,cafes,يول,YOL,يول,YOL,بريدة,غير متحقق,طريق عثمان بن عفان,yol-cafe,uthman-bin-affan,https://www.google.com/maps/place/%D9%8A%D9%88%D9%84+%7C+YOL%E2%80%AD/data=!4m7!3m6!1s0x157f57439fc5a225:0x89603e25cdfa8b12!8m2!3d26.407839!4d43.9273324!16s%2Fg%2F11p0_gcsn3!19sChIJJaLFn0NXfxUREov6zSU-YIk?authuser=0&hl=ar&rclk=1,كافيه,4.0,1558,غير متحقق,unknown,yes,yes,unknown,unknown,unknown,unknown,low,high,unknown,yes,,,مفتوح حتى 3 ص,كافيه جماهيري مشهور أكثر من كونه مختصًا بوضوح.,جماهيري معروف,قبل الذروة,شهرة عالية ومراجعات كثيرة.,من يبحث عن هدوء عالٍ.,medium,partially_verified,,,2026-03-10,,Google Maps direct URL | Cleaning pass: normalized garbled text where confidently recoverable
glo-cafe,cafes,قلو كافيه,Glo Cafe,قلو كافيه,Glo Cafe,بريدة,غير متحقق,طريق أبو بكر,glo-cafe,abu-bakr,https://www.google.com/maps/place/%D9%82%D9%84%D9%88+%D9%83%D8%A7%D9%81%D9%8A%D9%87%E2%80%AD/data=!4m7!3m6!1s0x157f57cc4c4dfdc7:0x5a75390f72517126!8m2!3d26.4075755!4d43.9334796!16s%2Fg%2F11scbt47jv!19sChIJx_1NTMxXfxURJnFRcg85dVo?authuser=0&hl=ar&rclk=1,مقهى,4.1,1245,20–40 ر.س.,unknown,yes,yes,unknown,unknown,unknown,unknown,medium,high,unknown,unknown,,,مفتوح حتى 3 ص,خيار معروف ومفيد للدليل من زاوية الانتشار أكثر من التميز الحاد.,حيوي ومعروف,أول الليل,كثافة مراجعات مرتفعة على محور مهم.,من يطلب أعلى تميز نوعي فقط.,medium,partially_verified,,,2026-03-10,,Google Maps direct URL | Cleaning pass: normalized garbled text where confidently recoverable
oryx-coffee,cafes,أوريكس كافية,Oryx Coffee,أوريكس كافية,Oryx Coffee,بريدة,غير متحقق,طريق الملك عبدالله,oryx-coffee,king-abdullah,https://www.google.com/maps/place/%D8%A7%D9%88%D8%B1%D9%8A%D9%83%D8%B3+%D9%83%D8%A7%D9%81%D9%8A%D8%A9+Oryx+Coffee%E2%80%AD/data=!4m7!3m6!1s0x157f515c85ee01c1:0x8b2a380bd91bb4dc!8m2!3d26.414774!4d43.9363211!16s%2Fg%2F11ksq2nzcm!19sChIJwQHuhVxRfxUR3LQb2Qs4Kos?authuser=0&hl=ar&rclk=1,كافيه,4.1,633,غير متحقق,unknown,yes,yes,unknown,unknown,unknown,unknown,medium,medium,unknown,yes,,,مفتوح حتى 4 ص,كافيه محلي بوزن متوسط وسمعة تشغيلية مقبولة.,عملي,المساء المبكر,حضور محلي متوسط جيد.,من يريد أعلى ثقة تشغيلية الآن.,medium,partially_verified,,,2026-03-10,,Google Maps direct URL | Cleaning pass: normalized garbled text where confidently recoverable
sum-cafe,cafes,sum cafe,غير متحقق,sum cafe,sum cafe,بريدة,غير متحقق,غير متحقق,sum-cafe,unknown,https://www.google.com/maps/place/sum+cafe/data=!4m7!3m6!1s0x157f57cf8fed9e99:0xa538023df66a969f!8m2!3d26.4066347!4d43.9000909!16s%2Fg%2F11mt6tvz4f!19sChIJmZ7tj89XfxURn5Zq9j0COKU?authuser=0&hl=ar&rclk=1,مقهى,4.7,568,غير متحقق,unknown,yes,yes,unknown,unknown,unknown,unknown,unknown,unknown,unknown,unknown,,,مفتوح حتى 3 ص,واعد لكن يحتاج جولة تحقق إضافية قبل رفع الثقة.,غير متحقق,غير متحقق,التقييم المرتفع فقط.,أي اعتماد تشغيلي نهائي حاليًا.,low,needs_review,,,2026-03-10,,Google Maps only; identity still weak | Cleaning pass: normalized garbled text where confidently recoverable
ratel-cafe,cafes,رتل كافيه,Ratel Cafe,رتل كافيه,Ratel Cafe,بريدة,غير متحقق,طريق الملك خالد,ratel-cafe,king-khalid,https://www.google.com/maps/place/%D8%B1%D8%AA%D9%84+%D9%83%D8%A7%D9%81%D9%8A%D9%87%E2%80%AD/data=!4m7!3m6!1s0x157f592b4cc393cf:0x580b2068b9aeb14!8m2!3d26.3653686!4d43.9664805!16s%2Fg%2F11h6dj8lv6!19sChIJz5PDTCtZfxURFOuaiwaygAU?authuser=0&hl=ar&rclk=1,كافيه,4.3,567,20–40 ر.س.,partial,yes,partial,unknown,unknown,unknown,unknown,high,medium,yes,unknown,,,مفتوح حتى 12 ص,مكان مرتب نسبيًا ويميل للهدوء أكثر من الأماكن الجماهيرية الصاخبة.,هادئ نسبيًا,العصر أو المساء المبكر,يميل للهدوء والقهوة المختصة نسبيًا.,من يريد سهرًا متأخرًا جدًا.,medium,partially_verified,,,2026-03-10,,Google Maps direct URL | Cleaning pass: normalized garbled text where confidently recoverable
coffee-title,cafes,عنوان القهوة,غير متحقق,عنوان القهوة,Coffee Title,بريدة,غير متحقق,طريق علي بن أبي طالب,coffee-title,ali-bin-abi-talib,https://www.google.com/maps/place/%D8%B9%D9%86%D9%88%D8%A7%D9%86+%D8%A7%D9%84%D9%82%D9%87%D9%88%D8%A9%E2%80%AD/data=!4m7!3m6!1s0x157f590030ffe0b3:0xc4026a318bba77c8!8m2!3d26.3865965!4d43.9631589!16s%2Fg%2F11vry4k7zn!19sChIJs-D_MABZfxURyHe6izFqAsQ?authuser=0&hl=ar&rclk=1,كافيه,4.5,490,1–20 ر.س.,partial,yes,yes,unknown,unknown,unknown,unknown,medium,medium,unknown,unknown,,,مفتوح على مدار الساعة,خيار عملي مرن أكثر من كونه وجهة بهوية متخصصة.,عملي دائم,حسب الحاجة,تشغيل 24 ساعة وسعر ظاهر.,من يريد هوية متخصصة جدًا.,medium,partially_verified,,,2026-03-10,,Google Maps direct URL | Cleaning pass: normalized garbled text where confidently recoverable
hanim-cafe,cafes,هانم,HANIM,هانم,HANIM,بريدة,غير متحقق,طريق عمر بن الخطاب,hanim-cafe,omar-bin-khattab,https://www.google.com/maps/place/%D9%87%D8%A7%D9%86%D9%85+%7C+HANIM%E2%80%AD/data=!4m7!3m6!1s0x157f574386d15d1f:0xa588ed1360522aba!8m2!3d26.4108543!4d43.9165666!16s%2Fg%2F11xdl2rq2h!19sChIJH13RhkNXfxURuipSYBPtiKU?authuser=0&hl=ar&rclk=1,كافيه,4.6,335,20–40 ر.س.,partial,yes,yes,unknown,unknown,unknown,unknown,medium,medium,unknown,unknown,,,مفتوح حتى 3 ص,مكان بطابع مختلف نسبيًا وحضور جيد في المراجعات.,متنوع,المساء,يضيف تنوعًا تحريريًا.,من يريد سجلًا مكتمل التحقق.,medium,partially_verified,,,2026-03-10,,Google Maps direct URL | Cleaning pass: normalized garbled text where confidently recoverable
pantry-cafe,cafes,بانتري,Pantry,بانتري,Pantry,بريدة,غير متحقق,طريق أبو بكر الصديق,pantry-cafe,abu-bakr,https://www.google.com/maps/place/%D8%A8%D8%A7%D9%86%D8%AA%D8%B1%D9%8A%E2%80%AD/data=!4m7!3m6!1s0x157f572214f1c1db:0x64a02c6aa8c8315!8m2!3d26.3963754!4d43.9391959!16s%2Fg%2F11x1vr36qb!19sChIJ28HxFCJXfxURFYOMqsYCSgY?authuser=0&hl=ar&rclk=1,كافيه,3.7,597,20–40 ر.س.,unknown,unknown,unknown,unknown,unknown,unknown,unknown,unknown,unknown,unknown,unknown,,,,Coverage-first record added in Expansion Round 1; awaits enrichment later.,,,,,medium,profiled,,,,2026-03-11,Expansion Round 1 from Google Maps discovery queue | Cleaning pass: normalized garbled text where confidently recoverable
creed-cafe,cafes,كريد,Creed,كريد,Creed,بريدة,غير متحقق,طريق عثمان بن عفان,creed-cafe,uthman-bin-affan,https://www.google.com/maps/place/%D9%83%D8%B1%D9%8A%D8%AF%E2%80%AD/data=!4m7!3m6!1s0x157f5733c86e97a7:0x4caaa08ac284e0cc!8m2!3d26.4095547!4d43.926831!16s%2Fg%2F11p5bq102w!19sChIJp5duyDNXfxURzOCEwoqgqkw?authuser=0&hl=ar&rclk=1,كافيه,4.3,528,20–40 ر.س.,unknown,unknown,unknown,unknown,unknown,unknown,unknown,unknown,unknown,unknown,unknown,,,,Coverage-first record added in Expansion Round 1; awaits enrichment later.,,,,,medium,profiled,,,,2026-03-11,Expansion Round 1 from Google Maps discovery queue | Cleaning pass: normalized garbled text where confidently recoverable
canto-ali-bin-abi-talib,cafes,كانتو للقهوة المختصة,Canto Specialty Coffee,كانتو للقهوة المختصة,Canto Specialty Coffee,بريدة,غير متحقق,طريق علي بن أبي طالب,canto-buraidah,ali-bin-abi-talib,https://www.google.com/maps/place/%D9%83%D8%A7%D9%86%D8%AA%D9%88+%D9%84%D9%84%D9%82%D9%87%D9%88%D8%A9+%D8%A7%D9%84%D9%85%D8%AE%D8%AA%D8%B5%D8%A9%E2%80%AD/data=!4m7!3m6!1s0x157f5999fed1d213:0x532672ed97c5da91!8m2!3d26.3790737!4d43.9520723!16s%2Fg%2F11pf5klztx!19sChIJE9LR_plZfxURkdrFl-1yJlM?authuser=0&hl=ar&rclk=1,مقهى / قهوة مختصة,4.7,513,1–20 ر.س.,unknown,unknown,unknown,unknown,unknown,unknown,unknown,unknown,unknown,unknown,unknown,,,,فرع علي بن أبي طالب محتفظ به كسجل مستقل مؤقتًا إلى أن يُحسم الربط الرسمي بين فروع كانتو داخل المدينة.,,,,,medium,branch_conflict,,,,2026-03-11,Expansion Round 1 discovery queue | Cleaning pass 2: retained as branch_conflict pending official branch map
a-plus-cafe,cafes,أي بلس,A Plus,أي بلس,A Plus,بريدة,غير متحقق,طريق أبو بكر الصديق,a-plus-cafe,abu-bakr,https://www.google.com/maps/place/%D8%A7%D9%8A+%D8%A8%D9%84%D8%B3+A+Plus%E2%80%AD/data=!4m7!3m6!1s0x157f570040c98843:0x9d0e567d1e51c1c!8m2!3d26.4033887!4d43.9358201!16s%2Fg%2F11w3pfpfpn!19sChIJQ4jJQABXfxURHBzl0Wfl0Ak?authuser=0&hl=ar&rclk=1,كافيه,4.5,504,20–40 ر.س.,unknown,unknown,unknown,unknown,unknown,unknown,unknown,unknown,unknown,unknown,unknown,,,,Coverage-first record added in Expansion Round 1; awaits enrichment later.,,,,,medium,profiled,,,,2026-03-11,Expansion Round 1 from Google Maps discovery queue | Cleaning pass: normalized garbled text where confidently recoverable
md-cafe,cafes,إم دي,MD,إم دي,MD,بريدة,غير متحقق,طريق الملك عبدالله,md-cafe,king-abdullah,https://www.google.com/maps/place/%D8%A5%D9%85+%D8%AF%D9%8A%E2%80%AD/data=!4m7!3m6!1s0x157f59cc6a9c1b61:0x20205d0abe2577be!8m2!3d26.361144!4d43.9632749!16s%2Fg%2F11rp_g7_1_!19sChIJYRucasxZfxURvnclvgpdICA?authuser=0&hl=ar&rclk=1,كافيه,4.1,485,20–40 ر.س.,unknown,unknown,unknown,unknown,unknown,unknown,unknown,unknown,unknown,unknown,unknown,,,,Coverage-first record added in Expansion Round 1; awaits enrichment later.,,,,,medium,profiled,,,,2026-03-11,Expansion Round 1 from Google Maps discovery queue | Cleaning pass: normalized garbled text where confidently recoverable
ripple-cafe,cafes,ريبل كافية,Ripple Cafe,ريبل كافية,Ripple Cafe,بريدة,غير متحقق,طريق السلام,ripple-cafe,al-salam,https://www.google.com/maps/place/%D8%B1%D9%8A%D8%A8%D9%84+%D9%83%D8%A7%D9%81%D9%8A%D8%A9%E2%80%AD/data=!4m7!3m6!1s0x157f57a914186c61:0x35d0cc6f6b439711!8m2!3d26.3485353!4d43.9317691!16s%2Fg%2F11sk0z1nrp!19sChIJYWwYFKlXfxUREZdDa2_M0DU?authuser=0&hl=ar&rclk=1,كافيه,4.3,468,20–40 ر.س.,unknown,unknown,unknown,unknown,unknown,unknown,unknown,unknown,unknown,unknown,unknown,,,,Coverage-first record added in Expansion Round 1; awaits enrichment later.,,,,,medium,profiled,,,,2026-03-11,Expansion Round 1 from Google Maps discovery queue | Cleaning pass: normalized garbled text where confidently recoverable
ramadi-hookah-lounge,cafes,لاونج هوكا رمادي,Ramadi Hookah Lounge,لاونج هوكا رمادي,Ramadi Hookah Lounge,بريدة,غير متحقق,طريق عثمان بن عفان,ramadi-lounge,hookah-lounge,https://www.google.com/maps/place/%D9%84%D8%A7%D9%88%D9%86%D8%AC+%D9%87%D9%88%D9%83%D8%A7+%D8%B1%D9%85%D8%A7%D8%AF%D9%8A%E2%80%AD/data=!4m7!3m6!1s0x157f570033f044b5:0x88b7c8fbe839b94!8m2!3d26.4072018!4d43.9277853!16s%2Fg%2F11vk7bw0j0!19sChIJtUTwMwBXfxURlJuDvo98iwg?authuser=0&hl=ar&rclk=1,لاونج,4.2,444,40–60 ر.س.,unknown,unknown,unknown,unknown,unknown,unknown,unknown,unknown,unknown,unknown,unknown,,,,??? ????? ?????? ???? ?????? ????? ?? branch_conflict ?? Quick Cleaning Round 1 ???? ???? ????? ?????? ????? ?? ???? ?????? ???.,,,,,medium,profiled,,,,2026-03-11,Expansion Round 1; related Ramadi brand but distinct lounge record | Cleaning pass: normalized garbled text where confidently recoverable
lipper-cafe,cafes,ليبر كافية,LIPPER CAFFEE,ليبر كافية,LIPPER CAFFEE,بريدة,غير متحقق,طريق عثمان بن عفان,lipper-cafe,uthman-bin-affan,https://www.google.com/maps/place/%D9%84%D9%8A%D8%A8%D8%B1+%D9%83%D8%A7%D9%81%D9%8A%D8%A9+%2F+LIPPER+CAFFEE%E2%80%AD/data=!4m7!3m6!1s0x157f57f4ffede843:0x4e98566faea60e5a!8m2!3d26.4103143!4d43.9258059!16s%2Fg%2F11vm1yqt2l!19sChIJQ-jt__RXfxURWg6mrm9WmE4?authuser=0&hl=ar&rclk=1,كافيه,3.6,403,20–40 ر.س.,unknown,unknown,unknown,unknown,unknown,unknown,unknown,unknown,unknown,unknown,unknown,,,,Coverage-first record added in Expansion Round 1; awaits enrichment later.,,,,,medium,profiled,,,,2026-03-11,Expansion Round 1 from Google Maps discovery queue | Cleaning pass: normalized garbled text where confidently recoverable
khallah-cafe,cafes,خلّة كافيه,Khallah Cafe,خلّة كافيه,Khallah Cafe,بريدة,التغيرة,التغيرة,khallah-cafe,taghirah,https://www.google.com/maps/place/%D8%AE%D9%84%D9%91%D8%A9+%D9%83%D8%A7%D9%81%D9%8A%D9%87%E2%80%AD/data=!4m7!3m6!1s0x1581e3e624e7f447:0xc544ecd93c306af!8m2!3d26.3274555!4d43.9541296!16s%2Fg%2F11t4pp5sm_!19sChIJR_TnJObjgRURrwbDk81OVAw?authuser=0&hl=ar&rclk=1,كافيه,4.5,321,1–20 ر.س.,unknown,unknown,unknown,unknown,unknown,unknown,unknown,unknown,unknown,unknown,unknown,,,,Coverage-first record added in Expansion Round 1; awaits enrichment later.,,,,,medium,profiled,,,,2026-03-11,Expansion Round 1 from Google Maps discovery queue | Cleaning pass: normalized garbled text where confidently recoverable
kanan-cafe,cafes,كنن كافيه,Kanan Cafe,كنن كافيه,Kanan Cafe,بريدة,غير متحقق,طريق أبو بكر الصديق,kanan-cafe,abu-bakr,https://www.google.com/maps/place/%D9%83%D9%86%D9%86+%D9%83%D8%A7%D9%81%D9%8A%D9%87%E2%80%AD/data=!4m7!3m6!1s0x157f5718ea280c69:0x968dd6657a528514!8m2!3d26.4032649!4d43.9355472!16s%2Fg%2F11yl3x41fd!19sChIJaQwo6hhXfxURFIVSemXWjZY?authuser=0&hl=ar&rclk=1,كافيه,4.2,291,20–40 ر.س.,unknown,unknown,unknown,unknown,unknown,unknown,unknown,unknown,unknown,unknown,unknown,,,,Coverage-first record added in Expansion Round 1; awaits enrichment later.,,,,,medium,profiled,,,,2026-03-11,Expansion Round 1 from Google Maps discovery queue | Cleaning pass: normalized garbled text where confidently recoverable
leon-cafe,cafes,ليون كافيه,Leon Cafe,ليون كافيه,Leon Cafe,بريدة,غير متحقق,طريق الملك عبد العزيز,leon-cafe,king-abdulaziz,https://www.google.com/maps/place/%D9%84%D9%8A%D9%88%D9%86+%D9%83%D8%A7%D9%81%D9%8A%D9%87%E2%80%AD/data=!4m7!3m6!1s0x157f59dbe6a8e6a9:0x39782b03831f7881!8m2!3d26.3542395!4d43.954081!16s%2Fg%2F11rzgsg1kv!19sChIJqeao5ttZfxURgXgfgwMreDk?authuser=0&hl=ar&rclk=1,كافيه,4.3,271,20–40 ر.س.,unknown,unknown,unknown,unknown,unknown,unknown,unknown,unknown,unknown,unknown,unknown,,,,Coverage-first record added in Expansion Round 1; awaits enrichment later.,,,,,medium,profiled,,,,2026-03-11,Expansion Round 1 from Google Maps discovery queue | Cleaning pass: normalized garbled text where confidently recoverable
nora-coffee,cafes,نورا كافي,NORA COFFEE,نورا كافي,NORA COFFEE,بريدة,غير متحقق,طريق علي بن أبي طالب,nora-coffee,ali-bin-abi-talib,https://www.google.com/maps/place/%D9%86%D9%88%D8%B1%D8%A7+%D9%83%D8%A7%D9%81%D9%8A+%7C+NORA+COFFEE%E2%80%AD/data=!4m7!3m6!1s0x157f597142d5c3bf:0x5be2e671e830715!8m2!3d26.3853738!4d43.9610442!16s%2Fg%2F11tk19r386!19sChIJv8PVQnFZfxURFQeDHmcuvgU?authuser=0&hl=ar&rclk=1,كافيه,4.5,203,20–40 ر.س.,unknown,unknown,unknown,unknown,unknown,unknown,unknown,unknown,unknown,unknown,unknown,,,,Coverage-first record added in Expansion Round 1; awaits enrichment later.,,,,,medium,profiled,,,,2026-03-11,Expansion Round 1 from Google Maps discovery queue | Cleaning pass: normalized garbled text where confidently recoverable
person-cafe,cafes,بيرسون,PERSON,بيرسون,PERSON,بريدة,غير متحقق,شارع الإمام مسلم,person-cafe,imam-muslim,https://www.google.com/maps/place/%D8%A8%D9%8A%D8%B1%D8%B3%D9%88%D9%86+%7C+PERSON%E2%80%AD/data=!4m7!3m6!1s0x157f59ba55555555:0xdd977824287546d7!8m2!3d26.3765849!4d43.9706104!16s%2Fg%2F11kvplxhhd!19sChIJVVVVVbpZfxUR10Z1KCR4l90?authuser=0&hl=ar&rclk=1,كافيه,3.9,181,1–20 ر.س.,unknown,unknown,unknown,unknown,unknown,unknown,unknown,unknown,unknown,unknown,unknown,,,,Coverage-first record added in Expansion Round 1; awaits enrichment later.,,,,,medium,profiled,,,,2026-03-11,Expansion Round 1 from Google Maps discovery queue | Cleaning pass: normalized garbled text where confidently recoverable
rahbah-cafe,cafes,رحبة,Rahbah,رحبة,Rahbah,بريدة,غير متحقق,شارع قرطبة,rahbah-cafe,qurtubah,https://www.google.com/maps/place/%D8%B1%D8%AD%D8%A8%D8%A9%E2%80%AD/data=!4m7!3m6!1s0x157f57ef77ea4633:0x724c35f576a12368!8m2!3d26.4083465!4d43.9013262!16s%2Fg%2F11x08mw61h!19sChIJM0bqd-9XfxURaCOhdvU1THI?authuser=0&hl=ar&rclk=1,كافيه,4.6,168,20–40 ر.س.,unknown,unknown,unknown,unknown,unknown,unknown,unknown,unknown,unknown,unknown,unknown,,,,Coverage-first record added in Expansion Round 1; awaits enrichment later.,,,,,medium,profiled,,,,2026-03-11,Expansion Round 1 from Google Maps discovery queue | Cleaning pass: normalized garbled text where confidently recoverable
bait-alsultanah-cafe,cafes,كافيه بيت السلطانة,Bait AlSultanah Cafe,كافيه بيت السلطانة,Bait AlSultanah Cafe,بريدة,غير متحقق,الأمير فيصل بن بندر بن عبدالعزيز,bait-alsultanah-cafe,prince-faisal-bin-bandar,https://www.google.com/maps/place/%D9%83%D8%A7%D9%81%D9%8A%D9%87+%D8%A8%D9%8A%D8%AA+%D8%A7%D9%84%D8%B3%D9%84%D8%B7%D8%A7%D9%86%D9%87%E2%80%AD/data=!4m7!3m6!1s0x157f597c168f70f7:0x667d14c0908b6e84!8m2!3d26.3537002!4d43.9529567!16s%2Fg%2F11jzchcrmf!19sChIJ93CPFnxZfxURhG6LkMAUfWY?authuser=0&hl=ar&rclk=1,كافيه,4.5,158,1–20 ر.س.,unknown,unknown,unknown,unknown,unknown,unknown,unknown,unknown,unknown,unknown,unknown,,,,Coverage-first record added in Expansion Round 1; awaits enrichment later.,,,,,medium,profiled,,,,2026-03-11,Expansion Round 1 from Google Maps discovery queue | Cleaning pass: normalized garbled text where confidently recoverable
coffee-way,cafes,كوفي وي,Coffee Way,كوفي وي,Coffee Way,بريدة,غير متحقق,غير متحقق,coffee-way,unknown,https://www.google.com/maps/place/%D9%83%D9%88%D9%81%D9%8A+%D9%88%D9%8A+Coffee+Way%E2%80%AD/data=!4m7!3m6!1s0x157f59bc537df337:0xb505fe472342678f!8m2!3d26.3960361!4d43.958657!16s%2Fg%2F11x_347lhn!19sChIJN_N9U7xZfxURj2dCI0f-BbU?authuser=0&hl=ar&rclk=1,كافيه,,,unknown,unknown,unknown,unknown,unknown,unknown,unknown,unknown,unknown,unknown,unknown,unknown,,,,Coverage-first record added in Expansion Round 1; awaits enrichment later.,,,,,low,discovered,,,,2026-03-11,Expansion Round 1 from Google Maps links only | Cleaning pass: normalized garbled text where confidently recoverable
rmd-coffee,cafes,كوفي رمد,RMD coffee,كوفي رمد,RMD coffee,بريدة,غير متحقق,غير متحقق,rmd-coffee,unknown,https://www.google.com/maps/place/%D9%83%D9%88%D9%81%D9%8A+%D8%B1%D9%85%D8%AF+%7C+RMD+coffee%E2%80%AD/data=!4m7!3m6!1s0x157f59005b4758d3:0xbb45d4721fd9b290!8m2!3d26.3589925!4d43.9775972!16s%2Fg%2F11yxt4t2lc!19sChIJ01hHWwBZfxURkLLZH3LURbs?authuser=0&hl=ar&rclk=1,كافيه,,,unknown,unknown,unknown,unknown,unknown,unknown,unknown,unknown,unknown,unknown,unknown,unknown,,,,Coverage-first record added in Expansion Round 1; awaits enrichment later.,,,,,low,discovered,,,,2026-03-11,Expansion Round 1 from Google Maps links only | Cleaning pass: normalized garbled text where confidently recoverable
footing-cafe,cafes,Footing cafe,Footing cafe,Footing cafe,Footing cafe,بريدة,غير متحقق,غير متحقق,footing-cafe,unknown,https://www.google.com/maps/place/Footing+cafe/data=!4m7!3m6!1s0x157f59ef1266fac5:0xd3b61f93bda2d980!8m2!3d26.3636328!4d43.9674497!16s%2Fg%2F11v0z306l7!19sChIJxfpmEu9ZfxURgNmivZMfttM?authuser=0&hl=ar&rclk=1,كافيه,,,unknown,unknown,unknown,unknown,unknown,unknown,unknown,unknown,unknown,unknown,unknown,unknown,,,,Coverage-first record added in Expansion Round 1; awaits enrichment later.,,,,,low,discovered,,,,2026-03-11,Expansion Round 1 from Google Maps links only | Cleaning pass: normalized garbled text where confidently recoverable
lah-coffee,cafes,قهوة لاح,Lah Coffee,قهوة لاح,Lah Coffee,بريدة,غير متحقق,غير متحقق,lah-coffee,unknown,https://www.google.com/maps/place/%D9%82%D9%87%D9%88%D8%A9+%D9%84%D8%A7%D8%AD%E2%80%AD/data=!4m7!3m6!1s0x157f59c7960457ab:0x6d9ac08ce7da4bed!8m2!3d26.3828257!4d43.9753577!16s%2Fg%2F11ytv_72tw!19sChIJq1cElsdZfxUR7Uva54zAmm0?authuser=0&hl=ar&rclk=1,كافيه,,,unknown,unknown,unknown,unknown,unknown,unknown,unknown,unknown,unknown,unknown,unknown,unknown,,,,Coverage-first record added in Expansion Round 1; awaits enrichment later.,,,,,low,discovered,,,,2026-03-11,Expansion Round 1 from Google Maps links only | Cleaning pass: normalized garbled text where confidently recoverable
yazeen-cafe,cafes,يازين كافيه,Yazeen Cafe,يازين كافيه,Yazeen Cafe,بريدة,النهضة,طريق الملك عبدالله، حي النهضة، بريدة 52389,yazeen-cafe,nahdah,"https://www.google.com/maps/place/%D9%8A%D8%A7%D8%B2%D9%8A%D9%86+%D9%83%D8%A7%D9%81%D9%8A%D9%87%E2%80%AD/@26.4144984,43.9363522,17z/data=!4m10!1m2!2m1!1z2YPYp9mB2YrZh9in2Kog2KjYsdmK2K_YqQ!3m6!1s0x157f51e5486421fd:0x25bf41c5ba969d87!8m2!3d26.4144984!4d43.9363522!15sChnZg9in2YHZitmH2KfYqiDYqNix2YrYr9ipWhsiGdmD2KfZgdmK2YfYp9iqINio2LHZitiv2KmSAQtjb2ZmZWVfc2hvcJoBRENpOURRVWxSUVVOdlpFTm9kSGxqUmpsdlQyNXNTVm96YUV4aU1FVjBWV3RvUldKRmRHcGpiRnBSVWtjNU5GTllZeEFC4AEA-gEECAAQSA!16s%2Fg%2F11shdt2jvr?entry=ttu",كافيه,4.7,747,unknown,unknown,unknown,unknown,unknown,unknown,unknown,unknown,unknown,unknown,unknown,unknown,,055 399 9327,مفتوح حتى 4 ص,Coverage-first record added in Expansion Round 1 under wider intake threshold.,,,,,medium,profiled,,,,2026-03-11,Expansion Round 1 coverage from Google Maps; added under broader inclusion threshold | Cleaning pass: normalized garbled text where confidently recoverable
bridge-cafe,cafes,بريدج,Bridge Cafe,بريدج,Bridge Cafe,بريدة,النهضة,طريق الملك عبدالله، حي النهضة، بريدة 52388,bridge-cafe,nahdah,https://www.google.com/maps/search/%D8%A8%D8%B1%D9%8A%D8%AF%D8%AC+%D8%A8%D8%B1%D9%8A%D8%AF%D8%A9,كافيه,4.6,1381,20?40 ?.?.,unknown,unknown,unknown,unknown,unknown,unknown,unknown,unknown,unknown,unknown,unknown,,055 098 8579,مفتوح حتى 3 ص,Coverage-first record added in Expansion Round 1 under wider intake threshold.,,,,,medium,profiled,,,,2026-03-11,Expansion Round 1 coverage from Google Maps direct place panel | Cleaning pass: normalized garbled text where confidently recoverable
tora-cafe,cafes,تورا,Tora,تورا,Tora,بريدة,النهضة,طريق أبو بكر الصديق، حي النهضة، بريدة 52389,tora-cafe,nahdah,https://www.google.com/maps/search/%D8%AA%D9%88%D8%B1%D8%A7+%D8%A8%D8%B1%D9%8A%D8%AF%D8%A9,كافيه,4.6,598,20?40 ?.?.,unknown,unknown,unknown,unknown,unknown,unknown,unknown,unknown,unknown,unknown,unknown,,,مفتوح حتى 3:30 ص,Coverage-first record added in Expansion Round 1 under wider intake threshold.,,,,,medium,profiled,,,,2026-03-11,Expansion Round 1 coverage from Google Maps direct place panel | Cleaning pass: normalized garbled text where confidently recoverable
tlo-cafe-roastery,cafes,محمصة تلو كافيه,Tlo Cafe Roastery,محمصة تلو كافيه,Tlo Cafe Roastery,بريدة,غير متحقق,بريدة 52389,tlo-cafe-roastery,al-jaziri,"https://www.google.com/maps/place/%D9%85%D8%AD%D9%85%D8%B5%D8%A9+%D8%AA%D9%84%D9%88+%D9%83%D8%A7%D9%81%D9%8A%D8%A9+%E2%80%A2+Tlo+Cafe+Roastery%E2%80%AD/@26.4137552,43.9312762,17z/data=!3m1!4b1!4m6!3m5!1s0x157f5700467f5ca1:0x86330a2692a494a7!8m2!3d26.4137552!4d43.9312762!16s%2Fg%2F11wmvh7qj1?entry=ttu",مقهى / محمصة,4.5,1217,unknown,unknown,unknown,unknown,unknown,unknown,unknown,unknown,unknown,unknown,yes,unknown,,058 000 7011,مفتوح حتى 4 ص,Coverage-first record added in Expansion Round 1 under wider intake threshold.,,,,,medium,profiled,,,,2026-03-11,Expansion Round 1 coverage from Google Maps direct place panel | Cleaning pass: normalized garbled text where confidently recoverable
brain-cafe,cafes,برين,Brain,برين,Brain,بريدة,الحزم,طريق النهضة، حي الحزم، بريدة 52261,brain-cafe,hazm,https://www.google.com/maps/search/%D8%A8%D8%B1%D9%8A%D9%86+%D8%A8%D8%B1%D9%8A%D8%AF%D8%A9,كافيه,4.0,1241,20?40 ?.?.,unknown,unknown,yes,unknown,unknown,unknown,unknown,unknown,unknown,unknown,unknown,,055 863 7716,مفتوح وقت التحقق,Coverage-first record added in Expansion Round 1 under wider intake threshold.,,,,,medium,profiled,,,,2026-03-11,Expansion Round 1 coverage from Google Maps direct place panel | Cleaning pass: normalized garbled text where confidently recoverable
olga-cafe,cafes,أولقا,Olga,أولقا,Olga,بريدة,النهضة,طريق أبو بكر الصديق، حي النهضة، بريدة 52388,olga-cafe,nahdah,"https://www.google.com/maps/place/Olga+%7C+%D8%A7%D9%88%D9%84%D9%82%D8%A7%E2%80%AD/@26.4172274,43.9280723,17z/data=!3m1!4b1!4m6!3m5!1s0x157f57e988c9ba3b:0xb3caf068b44f9395!8m2!3d26.4172274!4d43.9280723!16s%2Fg%2F11y8tc50p5?entry=ttu",كافيه,4.5,391,20?40 ?.?.,unknown,unknown,unknown,unknown,unknown,unknown,unknown,unknown,unknown,unknown,unknown,,,مفتوح حتى 4 ص,Coverage-first record added in Expansion Round 1 under wider intake threshold.,,,,,medium,profiled,,,,2026-03-11,Expansion Round 1 coverage from Google Maps direct place panel | Cleaning pass: normalized garbled text where confidently recoverable
pard-cafe,cafes,PARD CAFE,PARD CAFE,PARD CAFE,PARD CAFE,بريدة,النهضة,حي النهضة، بريدة 52222,pard-cafe,nahdah,"https://www.google.com/maps/place/PARD+CAFE/@26.4158674,43.9287526,17z/data=!3m1!4b1!4m6!3m5!1s0x157f57edf96218e9:0xda3d3a4c43ac92a3!8m2!3d26.4158674!4d43.9287526!16s%2Fg%2F11rn7cvfkj?entry=ttu",كافيه,4.1,1290,20?40 ?.?.,unknown,unknown,unknown,unknown,unknown,unknown,unknown,unknown,unknown,unknown,unknown,,050 901 0869,يفتح الجمعة 6 ص,Coverage-first record added in Expansion Round 1 under wider intake threshold.,,,,,medium,profiled,,,,2026-03-11,Expansion Round 1 coverage from Google Maps direct place panel | Cleaning pass: normalized garbled text where confidently recoverable
diniz-cafe,cafes,دينيز كافيه,Diniz Cafe,دينيز كافيه,Diniz Cafe,بريدة,النهضة,طريق الملك عبدالله، حي النهضة، بريدة 52388,diniz-cafe,nahdah,https://www.google.com/maps/search/%D8%AF%D9%8A%D9%86%D9%8A%D8%B2+%D9%83%D8%A7%D9%81%D9%8A%D9%87+%D8%A8%D8%B1%D9%8A%D8%AF%D8%A9,كافيه,4.2,330,20?40 ?.?.,unknown,unknown,unknown,unknown,unknown,unknown,unknown,unknown,unknown,unknown,unknown,,050 751 9971,,Coverage-first record added with minimum viable fields.,,,,,medium,discovered,,,,2026-03-11,Expansion Round 1 coverage from Google Maps search result; kept light intentionally | Cleaning pass: normalized garbled text where confidently recoverable
bid-cafe,cafes,بِد,BID,بِد,BID,بريدة,النهضة,بريدة 52388,bid-cafe,nahdah,https://www.google.com/maps/search/%D8%A8%D9%90%D8%AF+%D8%A8%D8%B1%D9%8A%D8%AF%D8%A9,كافيه,4.2,699,20?40 ?.?.,unknown,unknown,unknown,unknown,unknown,unknown,unknown,unknown,unknown,unknown,unknown,,,مفتوح حتى 3 ص,Coverage-first record added in Expansion Round 1 under wider intake threshold.,,,,,medium,profiled,,,,2026-03-11,Expansion Round 1 coverage from Google Maps direct place panel | Cleaning pass: normalized garbled text where confidently recoverable
rtm-cafe,cafes,رتم,Rtm,رتم,Rtm,بريدة,النهضة,حي النهضة، بريدة,rtm-cafe,nahdah,https://www.google.com/maps/search/%D8%B1%D8%AA%D9%85+Buraidah,كافيه,4.7,519,20?40 ?.?.,unknown,unknown,unknown,unknown,unknown,unknown,unknown,unknown,unknown,unknown,unknown,,050 785 2070,مفتوح حتى 4 ص,Coverage-first record added in Expansion Round 1 under wider intake threshold.,,,,,medium,profiled,,,,2026-03-11,Expansion Round 1 coverage from Google Maps direct place panel | Cleaning pass: normalized garbled text where confidently recoverable
tarbeeat-baloot-cafe,cafes,تربيعة بلوت,Tarbeeat Baloot,تربيعة بلوت,Tarbeeat Baloot,بريدة,النهضة,طريق الملك عبدالله، حي النهضة، بريدة 52388,tarbeeat-baloot-cafe,nahdah,"https://www.google.com/maps/place/%D8%AA%D8%B1%D8%A8%D9%8A%D8%B9%D8%A9+%D8%A8%D9%84%D9%88%D8%AA%E2%80%AD/@26.4134626,43.9251205,17z/data=!3m1!4b1!4m6!3m5!1s0x157f57ed1be46243:0xf0bc9bf939570479!8m2!3d26.4134626!4d43.9251205!16s%2Fg%2F11rkjkcmyp?entry=ttu",كافيه,4.1,205,1?20 ?.?.,unknown,unknown,unknown,unknown,unknown,unknown,unknown,unknown,unknown,unknown,unknown,,,مفتوح حتى 5 ص,Coverage-first record added with minimum viable fields.,,,,,medium,discovered,,,,2026-03-11,Expansion Round 1 coverage from Google Maps place panel; kept as light record despite niche positioning | Cleaning pass: normalized garbled text where confidently recoverable
qisal-cafe-abdulaziz-fahd-al-rashoudi,cafes,قصال كافيه,Qisal Cafe,قصال كافيه,Qisal Cafe,بريدة,غير متحقق,طريق عبدالعزيز فهد الرشودي,qisal-cafe,abdulaziz-fahd-al-rashoudi,"https://www.google.com/maps/search/%D9%82%D8%B5%D8%A7%D9%84+%D9%83%D8%A7%D9%81%D9%8A%D9%87+%D8%A8%D8%B1%D9%8A%D8%AF%D8%A9%E2%80%AD/@26.3923004,43.9229567,14z/data=!3m1!4b1?entry=ttu",كافيه,4.7,218,1?20 ?.?.,unknown,unknown,yes,unknown,unknown,unknown,unknown,unknown,unknown,unknown,unknown,,,مفتوح وقت التحقق,أحد فرعي قصال في بريدة. السجل محتفظ به مستقلاً لأن صفحة البحث تشير إلى أكثر من فرع دون حسم أوضح.,,,,,medium,branch_conflict,,,,2026-03-11,Expansion Round 1 multi-branch Google Maps result | Cleaning pass 2: branch label retained pending direct branch confirmation
qisal-cafe-abdulaziz-bin-musaed-bin-jalawi,cafes,قصال كافيه,Qisal Cafe,قصال كافيه,Qisal Cafe,بريدة,غير متحقق,شارع عبدالعزيز بن مساعد بن جلوي,qisal-cafe,abdulaziz-bin-musaed-bin-jalawi,"https://www.google.com/maps/search/%D9%82%D8%B5%D8%A7%D9%84+%D9%83%D8%A7%D9%81%D9%8A%D9%87+%D8%A8%D8%B1%D9%8A%D8%AF%D8%A9%E2%80%AD/@26.3923004,43.9229567,14z/data=!3m1!4b1?entry=ttu",كافيه,4.6,30,unknown,unknown,unknown,yes,unknown,unknown,unknown,unknown,unknown,unknown,unknown,unknown,,,مفتوح وقت التحقق,فرع قصال إضافي محتمل في بريدة، أبقيناه منفصلاً لتجنّب دمج غير آمن بين فروع متشابهة.,,,,,low,branch_conflict,,,,2026-03-11,Expansion Round 1 multi-branch Google Maps result | Cleaning pass 2: branch label retained pending direct branch confirmation
nahrawan-cafe,cafes,نهروان كافيه,Nahrawan Cafe,نهروان كافيه,Nahrawan Cafe,بريدة,الصفراء,طريق الأمير نايف بن عبدالعزيز، حي الصفراء,nahrawan-cafe,safra,https://www.google.com/maps/search/%D9%83%D8%A7%D9%81%D9%8A%D9%87+%D9%86%D9%87%D8%B1%D9%88%D8%A7%D9%86+%D8%A8%D8%B1%D9%8A%D8%AF%D8%A9,كافيه,4.4,77,1?20 ?.?.,unknown,unknown,unknown,unknown,unknown,unknown,unknown,unknown,unknown,unknown,unknown,,,يفتح 8:30 ص,????? coverage ????? ????? ???? ?? ?? ??????? ?? ?? ???? ????? ????.,,,,,medium,profiled,,,,2026-03-11,Expansion Round 2 coverage from Google Maps search results | Cleaning pass: normalized garbled text where confidently recoverable
al-montasaf-cafe,cafes,المنتصف,Al Montasaf,المنتصف,Al Montasaf,بريدة,الصفراء,حي الصفراء,al-montasaf-cafe,safra,https://www.google.com/maps/search/%D8%A7%D9%84%D9%85%D9%86%D8%AA%D8%B5%D9%81+%D8%A8%D8%B1%D9%8A%D8%AF%D8%A9,كافيه,4.6,340,1?20 ?.?.,unknown,unknown,unknown,unknown,unknown,unknown,unknown,unknown,unknown,unknown,unknown,,,يفتح الجمعة 6 ص,??? coverage ???? ????? ???? ???? ????? ?? ?????? ?????? ????? ??????? ????.,,,,,medium,profiled,,,,2026-03-11,Expansion Round 2 coverage from Google Maps search results | Cleaning pass: normalized garbled text where confidently recoverable
corner-coffee-safra,cafes,كورنر كوفي,Corner Coffee,كورنر كوفي,Corner Coffee,بريدة,الصفراء,حي الصفراء، بريدة,corner-coffee,safra,https://www.google.com/maps/search/%D9%83%D9%88%D8%B1%D9%86%D8%B1+%D9%83%D9%88%D9%81%D9%8A+%D8%A8%D8%B1%D9%8A%D8%AF%D8%A9,مقهى / قهوة مختصة,4.7,131,1?20 ?.?.,unknown,unknown,unknown,unknown,unknown,unknown,unknown,unknown,unknown,unknown,unknown,,,مفتوح حتى 4 ص,???? ???? coverage ???? ???? ???? ????? ???? ????? ???? ???? ?????? ???????.,,,,,medium,profiled,,,,2026-03-11,Expansion Round 2 coverage from Google Maps search results | Cleaning pass: normalized garbled text where confidently recoverable
sigma-caffe-safra,cafes,سيجما كافيه,Sigma Caffe,سيجما كافيه,Sigma Caffe,بريدة,الصفراء,الصفراء,sigma-caffe,safra,https://www.google.com/maps/search/%D8%B3%D8%AC%D9%85%D8%A7+%D9%83%D8%A7%D9%81%D9%8A%D9%87+%D8%A8%D8%B1%D9%8A%D8%AF%D8%A9,كافيه,4.1,151,unknown,unknown,unknown,unknown,unknown,unknown,unknown,unknown,unknown,unknown,unknown,unknown,,,مفتوح حتى 3 ص,??? ????? ???? ????? ??? ????? ??????? ??? ?????? ???? ???? ????.,,,,,medium,profiled,,,,2026-03-11,Expansion Round 2 coverage from Google Maps search results | Cleaning pass: normalized garbled text where confidently recoverable
arabica-star,cafes,أرابيكا ستار,Arabica Star,أرابيكا ستار,Arabica Star,بريدة,غير متحقق,طريق الملك فهد,arabica-star,king-fahd,https://www.google.com/maps/search/%D8%A7%D8%B1%D8%A7%D8%A8%D9%8A%D9%83%D8%A7+%D8%B3%D8%AA%D8%A7%D8%B1+%D8%A8%D8%B1%D9%8A%D8%AF%D8%A9,كافيه,4.2,349,1?20 ?.?.,unknown,unknown,unknown,unknown,unknown,unknown,unknown,unknown,unknown,unknown,unknown,,,مفتوح وقت التحقق,????? coverage ????? ??? ???? ????? ??? ??????? ????? ??????? ???????.,,,,,medium,profiled,,,,2026-03-11,Expansion Round 2 coverage from Google Maps search results | Cleaning pass: normalized garbled text where confidently recoverable
khudair-cafe,cafes,خضير,Khudair,خضير,Khudair,بريدة,غير متحقق,حي السالمية,khudair-cafe,main,"https://www.google.com/maps/search/?api=1&query=26.3753102,43.982523",كافيه / مقهى,,,unknown,unknown,unknown,unknown,unknown,unknown,unknown,unknown,unknown,unknown,unknown,unknown,,,,???? ????? ????? ?? ????? ????? ??? coverage-first ??? ???? ?????.,,,,,medium,discovered,,,,2026-03-11,Expansion Round 3 coverage-first intake from OSM/Google Maps pin references | Cleaning pass: normalized garbled text where confidently recoverable
rest-cafe-abu-bakr,cafes,ريست كافيه,Rest Cafe,ريست كافيه,Rest Cafe,بريدة,غير متحقق,طريق أبو بكر الصديق,rest-cafe,abu-bakr,"https://www.google.com/maps/search/?api=1&query=26.3620002,43.9504049",كافيه / مقهى,,,unknown,unknown,unknown,unknown,unknown,unknown,unknown,unknown,unknown,unknown,unknown,unknown,,,,???? ???? ??? ???? ??? ??? ????? ?????? ??? ?????? ????? ????.,,,,,medium,discovered,,,,2026-03-11,Expansion Round 3 coverage-first intake from OSM/Google Maps pin references | Cleaning pass: normalized garbled text where confidently recoverable
nistro-cafe,cafes,نيسترو,Nistro,نيسترو,Nistro,بريدة,غير متحقق,طريق الملك عبدالعزيز,nistro-cafe,main,"https://www.google.com/maps/search/?api=1&query=26.3630165,43.9401753",كافيه / مقهى,,,unknown,unknown,unknown,unknown,unknown,unknown,unknown,unknown,unknown,unknown,unknown,unknown,,,,??? coverage ???? ???? ???? ???? ????? ?? master.,,,,,medium,discovered,,,,2026-03-11,Expansion Round 3 coverage-first intake from OSM/Google Maps pin references | Cleaning pass: normalized garbled text where confidently recoverable
nai-women-cafe,cafes,ناي كافيه نسائي,Nai Women Cafe,ناي كافيه نسائي,Nai Women Cafe,بريدة,غير متحقق,طريق أبو بكر الصديق,nai-cafe,women,"https://www.google.com/maps/search/?api=1&query=26.3639518,43.9492486",كافيه / مقهى,,,unknown,unknown,unknown,unknown,unknown,unknown,unknown,unknown,unknown,unknown,unknown,unknown,,,,????? ???? ???? ?????? ??????? ???? ????? ???????.,,,,,medium,discovered,,,,2026-03-11,Expansion Round 3 coverage-first intake from OSM/Google Maps pin references | Cleaning pass: normalized garbled text where confidently recoverable
zonice-buraidah-1,cafes,زونيس,Zonice,زونيس,Zonice,بريدة,غير متحقق,بريدة,zonice,branch-1,"https://www.google.com/maps/search/?api=1&query=26.3994845,43.9252382",كافيه / مقهى,,,unknown,unknown,unknown,unknown,unknown,unknown,unknown,unknown,unknown,unknown,unknown,unknown,,,Mo-Fr 09:00-24:00,إحدى نقاط Zonice في بريدة؛ ما زال التفريق الرسمي بين النقاط الثلاث غير محسوم، لذلك بقيت branch_conflict.,,,,,medium,branch_conflict,,,,2026-03-11,Expansion Round 3 coordinate intake | Cleaning pass 2: retained as branch_conflict after grouped review
zonice-buraidah-2,cafes,زونيس,Zonice,زونيس,Zonice,بريدة,غير متحقق,بريدة,zonice,branch-2,"https://www.google.com/maps/search/?api=1&query=26.3777652,43.9502001",كافيه / مقهى,,,unknown,unknown,unknown,unknown,unknown,unknown,unknown,unknown,unknown,unknown,unknown,unknown,,,Mo-Su 09:00-24:00,سجل نقطة ثانية لزونيس داخل بريدة، محفوظة منفصلة مؤقتًا لتجنّب دمج فروع متقاربة بلا توثيق كافٍ.,,,,,medium,branch_conflict,,,,2026-03-11,Expansion Round 3 coordinate intake | Cleaning pass 2: retained as branch_conflict after grouped review
zonice-buraidah-3,cafes,زونيس,Zonice,زونيس,Zonice,بريدة,غير متحقق,بريدة,zonice,branch-3,"https://www.google.com/maps/search/?api=1&query=26.375623,43.9359581",كافيه / مقهى,,,unknown,unknown,unknown,unknown,unknown,unknown,unknown,unknown,unknown,unknown,unknown,unknown,,,Mo-Sa 09:00-24:00,نقطة ثالثة محتملة لزونيس؛ بقيت branch_conflict لأن شبكة الفروع ما زالت غير محسومة على نحو آمن.,,,,,medium,branch_conflict,,,,2026-03-11,Expansion Round 3 coordinate intake | Cleaning pass 2: retained as branch_conflict after grouped review
qahwat-bash-specialty,cafes,قهوة باش المختصة,Qahwat Bash Specialty,قهوة باش المختصة,Qahwat Bash Specialty,بريدة,غير متحقق,بريدة,qahwat-bash,main,"https://www.google.com/maps/search/?api=1&query=26.4083543,43.9279608",كافيه / مقهى,,,unknown,unknown,unknown,unknown,unknown,unknown,unknown,unknown,unknown,unknown,unknown,unknown,,,,??? ???? ????? ?????? ????? ?????? ??? coverage-first.,,,,,medium,discovered,,,,2026-03-11,Expansion Round 3 coverage-first intake from OSM/Google Maps pin references | Cleaning pass: normalized garbled text where confidently recoverable
cafe-van-houtte-buraidah,cafes,كافيه فان هوت,Cafe Van Houtte,كافيه فان هوت,Cafe Van Houtte,بريدة,غير متحقق,شارع البخاري,cafe-van-houtte,bukhari,"https://www.google.com/maps/search/?api=1&query=26.4002258,43.9174042",كافيه,,,unknown,unknown,unknown,unknown,unknown,unknown,unknown,unknown,unknown,unknown,unknown,unknown,,,,????? ????? ????? ????? ???? ?????? ?? master ??????.,,,,,medium,discovered,,,,2026-03-11,Expansion Round 3 coverage-first intake from OSM/Google Maps pin references | Cleaning pass: normalized garbled text where confidently recoverable
eighty-plus-uthman,cafes,EIGHTY +,EIGHTY +,EIGHTY +,EIGHTY +,بريدة,غير متحقق,طريق عثمان بن عفان,eighty-plus,uthman,"https://www.google.com/maps/search/?api=1&query=26.4065469,43.9282725",كافيه / مقهى,,,unknown,unknown,unknown,unknown,unknown,unknown,unknown,unknown,unknown,unknown,unknown,unknown,,,,???? ????? ???? ??? ???? ????? ????? ??????.,,,,,medium,discovered,,,,2026-03-11,Expansion Round 3 coverage-first intake from OSM/Google Maps pin references | Cleaning pass: normalized garbled text where confidently recoverable
half-million-buraidah,cafes,هاف مليون,Half Million,هاف مليون,Half Million,بريدة,غير متحقق,بريدة,half-million,branch-1,"https://www.google.com/maps/search/?api=1&query=26.421905,43.9097288",كافيه,,,unknown,unknown,unknown,unknown,unknown,unknown,unknown,unknown,unknown,unknown,unknown,unknown,,,,فرع هاف مليون محتمل داخل بريدة. بقي branch_conflict لأن لدينا أكثر من نقطة مرشحة للعلامة نفسها.,,,,,medium,branch_conflict,,,,2026-03-11,Expansion Round 3 coordinate intake | Cleaning pass 2: retained as branch_conflict after grouped review
dunkin-king-salman-buraidah,cafes,دانكن,Dunkin,دانكن,Dunkin,بريدة,غير متحقق,طريق الملك سلمان,dunkin-buraidah,king-salman,"https://www.google.com/maps/search/?api=1&query=26.3929502,43.9248075",كافيه,,,unknown,unknown,unknown,unknown,unknown,unknown,unknown,unknown,unknown,unknown,unknown,unknown,,,,فرع دانكن على محور الملك سلمان يُستخدم كسجل مرجعي داخل مجموعة فروع دانكن في بريدة، لكنه ما زال تحت branch_conflict لاختلاط الفروع المرشحة.,,,,,medium,branch_conflict,,,,2026-03-11,Expansion Round 3 coordinate intake | Cleaning pass 2: retained as canonical branch_conflict anchor for identical/near-identical Dunkin pins
bordga-buraidah,cafes,بوردقا,BORDGA,بوردقا,BORDGA,بريدة,غير متحقق,بريدة,bordga,main,"https://www.google.com/maps/search/?api=1&query=26.3145371,44.0380191",كافيه / مقهى,,,unknown,unknown,unknown,unknown,unknown,unknown,unknown,unknown,unknown,unknown,unknown,unknown,,,,???? ???? ???? ????? ?? master? ????? ?????? ?? discovered.,,,,,medium,discovered,,,,2026-03-11,Expansion Round 4 coverage-first intake from coordinate/pin candidate set | Cleaning pass: normalized garbled text where confidently recoverable
fan-jan-cafe-buraidah,cafes,فنجان كافيه,Fan Jan Cafe,فنجان كافيه,Fan Jan Cafe,بريدة,غير متحقق,بريدة,fan-jan-cafe,main,"https://www.google.com/maps/search/?api=1&query=26.0975638,43.9847562",كافيه / مقهى,,,unknown,unknown,unknown,unknown,unknown,unknown,unknown,unknown,unknown,unknown,unknown,unknown,,,,????? coverage ???? ????? ???? ????? ????? ???? ?????.,,,,,medium,discovered,,,,2026-03-11,Expansion Round 4 coverage-first intake from coordinate/pin candidate set | Cleaning pass: normalized garbled text where confidently recoverable
mazar-cafe-buraidah,cafes,مزار,Mazar,مزار,Mazar,بريدة,غير متحقق,طريق علي بن أبي طالب,mazar-cafe,main,"https://www.google.com/maps/search/?api=1&query=26.0615842,43.9851684",كافيه / مقهى,,,unknown,unknown,unknown,unknown,unknown,unknown,unknown,unknown,unknown,unknown,unknown,unknown,,,,??? coverage ???? ????? ???? ???? ????.,,,,,medium,discovered,,,,2026-03-11,Expansion Round 4 coverage-first intake from coordinate/pin candidate set | Cleaning pass: normalized garbled text where confidently recoverable
kob-alqahwa-1,cafes,كوب القهوة,Cup of Coffee,كوب القهوة,Cup of Coffee,بريدة,غير متحقق,بريدة,kob-alqahwa,branch-1,"https://www.google.com/maps/search/?api=1&query=26.3180939,44.0372088",كافيه / مقهى,,,unknown,unknown,unknown,unknown,unknown,unknown,unknown,unknown,unknown,unknown,unknown,unknown,,,,????? ????/???? ?????? ????? ??? ??????? ???????.,,,,,medium,discovered,,,,2026-03-11,Expansion Round 4 coverage-first intake from coordinate/pin candidate set | Cleaning pass: normalized garbled text where confidently recoverable
kob-alqahwa-2,cafes,كوب القهوة,Cup of Coffee,كوب القهوة,Cup of Coffee,بريدة,غير متحقق,بريدة,kob-alqahwa,branch-2,"https://www.google.com/maps/search/?api=1&query=26.3188473,44.0378809",كافيه / مقهى,,,unknown,unknown,unknown,unknown,unknown,unknown,unknown,unknown,unknown,unknown,unknown,unknown,,,,???? ????? ????/???? ????? ????? ???? ?????.,,,,,medium,discovered,,,,2026-03-11,Expansion Round 4 coverage-first intake from coordinate/pin candidate set | Cleaning pass: normalized garbled text where confidently recoverable
maqha-alwan,cafes,مقهى ألوان,Maqha Alwan,مقهى ألوان,Maqha Alwan,بريدة,غير متحقق,بريدة,maqha-alwan,main,"https://www.google.com/maps/search/?api=1&query=26.1658122,43.9549003",كافيه / مقهى,,,unknown,unknown,unknown,unknown,unknown,unknown,unknown,unknown,unknown,unknown,unknown,unknown,,,,???? ???? ???? ????? ????? pin ?????.,,,,,medium,discovered,,,,2026-03-11,Expansion Round 4 coverage-first intake from coordinate/pin candidate set | Cleaning pass: normalized garbled text where confidently recoverable
fan-jan-kaif-buraidah,cafes,فن. جن. كيف,Fan Jan Kaif,فن. جن. كيف,Fan Jan Kaif,بريدة,غير متحقق,بريدة,fan-jan-kaif,main,"https://www.google.com/maps/search/?api=1&query=26.3058033,43.8685174",كافيه / مقهى,,,unknown,unknown,unknown,unknown,unknown,unknown,unknown,unknown,unknown,unknown,unknown,unknown,,,,????? ????? ????? ??? ????? coverage ??? ?? ??? ???????.,,,,,medium,discovered,,,,2026-03-11,Expansion Round 4 coverage-first intake from coordinate/pin candidate set | Cleaning pass: normalized garbled text where confidently recoverable
canto-cafe-south-buraidah,cafes,كانتو كافيه,Canto Cafe,كانتو كافيه,Canto Cafe,بريدة,غير متحقق,بريدة,canto-buraidah,south-pin,"https://www.google.com/maps/search/?api=1&query=26.0912822,43.9367032",كافيه / مقهى,,,unknown,unknown,unknown,unknown,unknown,unknown,unknown,unknown,unknown,unknown,unknown,unknown,,,,مرشح فرع/نقطة جنوبية مرتبطة بعلامة كانتو، لكنه أضعف من بقية الفروع من ناحية الدليل المرجعي لذلك بقي branch_conflict.,,,,,medium,branch_conflict,,,,2026-03-11,Expansion Round 4 coordinate candidate | Cleaning pass 2: retained as low-confidence branch_conflict under canto-buraidah
mahames-aljarbou,cafes,محامص الجربوع,Aljarbou Roastery,محامص الجربوع,Aljarbou Roastery,بريدة,غير متحقق,بريدة,mahames-aljarbou,main,"https://www.google.com/maps/search/?api=1&query=26.3193887,43.9766845",مقهى / محمصة,,,unknown,unknown,unknown,unknown,unknown,unknown,unknown,unknown,unknown,unknown,unknown,unknown,,,,???? ????? ??????? ?????? ?? ????? coverage-first.,,,,,medium,discovered,,,,2026-03-11,Expansion Round 4 coverage-first intake from coordinate/pin candidate set | Cleaning pass: normalized garbled text where confidently recoverable
guest-cafe-buraidah,cafes,قست كافيه,Guest Cafe,قست كافيه,Guest Cafe,بريدة,غير متحقق,بريدة,guest-cafe,main,"https://www.google.com/maps/search/?api=1&query=26.2915179,43.866817",كافيه / مقهى,,,unknown,unknown,unknown,unknown,unknown,unknown,unknown,unknown,unknown,unknown,unknown,unknown,,,,???? ???? ????? ?????? ?? ????????? ?????? ??????.,,,,,medium,discovered,,,,2026-03-11,Continuation coverage intake from local candidate CSV | Cleaning pass: normalized garbled text where confidently recoverable
half-million-buraidah-2,cafes,هاف مليون,Half Million,هاف مليون,Half Million,بريدة,غير متحقق,بريدة,half-million,branch-2,"https://www.google.com/maps/search/?api=1&query=26.0728372,44.0213555",كافيه,,,unknown,unknown,unknown,unknown,unknown,unknown,unknown,unknown,unknown,unknown,unknown,unknown,,,,نقطة إضافية محتملة لهاف مليون؛ لم تُدمج مع غيرها لغياب خريطة فروع موثوقة في هذه الجولة.,,,,,medium,branch_conflict,,,,2026-03-11,Continuation coordinate intake | Cleaning pass 2: retained as branch_conflict after grouped review
dunkin-buraidah-south-1,cafes,دانكن,Dunkin,دانكن,Dunkin,بريدة,غير متحقق,بريدة,dunkin-buraidah,south-1,"https://www.google.com/maps/search/?api=1&query=26.0912499,43.9368849",كافيه,,,unknown,unknown,unknown,unknown,unknown,unknown,unknown,unknown,unknown,unknown,unknown,unknown,,,,نقطة دانكن جنوبية مرشحة في بريدة؛ أبقيناها branch_conflict بدل دمجها أو حذفها لعدم كفاية الحسم الفرعي.,,,,,medium,branch_conflict,,,,2026-03-11,Continuation coordinate intake | Cleaning pass 2: retained as branch_conflict after grouped review
dunkin-buraidah-east-1,cafes,دانكن دونتس,Dunkin Donuts,دانكن دونتس,Dunkin Donuts,بريدة,غير متحقق,بريدة,dunkin-buraidah,east-1,"https://www.google.com/maps/search/?api=1&query=26.086505,43.9667477",كافيه,,,unknown,unknown,unknown,unknown,unknown,unknown,unknown,unknown,unknown,unknown,unknown,unknown,,,,فرع دانكن/دانكن دونتس شرقي محتمل في بريدة؛ ما زال يحتاج حسمًا أوضح على مستوى الفرع والاسم التجاري.,,,,,medium,branch_conflict,,,,2026-03-11,Continuation coordinate intake | Cleaning pass 2: retained as branch_conflict after grouped review
dunkin-buraidah-northwest-1,cafes,دانكن,Dunkin,دانكن,Dunkin,بريدة,غير متحقق,بريدة,dunkin-buraidah,northwest-1,"https://www.google.com/maps/search/?api=1&query=26.4216612,43.9102845",كافيه,,,unknown,unknown,unknown,unknown,unknown,unknown,unknown,unknown,unknown,unknown,unknown,unknown,,,,نقطة شمالية غربية محتملة لدانكن، محفوظة مؤقتًا بصفتها branch_conflict بدل إسقاطها دون تحقق فرعي أفضل.,,,,,medium,branch_conflict,,,,2026-03-11,Continuation coordinate intake | Cleaning pass 2: retained as branch_conflict after grouped review
dunkin-buraidah-central-1,cafes,دانكن,Dunkin,دانكن,Dunkin,بريدة,غير متحقق,غير متحقق,dunkin-buraidah,central-1,"https://www.google.com/maps/search/?api=1&query=26.3929502,43.9248075",كافيه,,,unknown,unknown,unknown,unknown,unknown,unknown,unknown,unknown,unknown,unknown,unknown,unknown,,,,مكرر مطابق لنقطة الملك سلمان المرجعية.,,,,,medium,duplicate,dunkin-king-salman-buraidah,Exact same pin/query as dunkin-king-salman-buraidah,,2026-03-11,Cleaning pass 2: exact duplicate of dunkin-king-salman-buraidah
arabica-star-king-fahd-2,cafes,أرابيكا ستار,Arabica Star,أرابيكا ستار,Arabica Star,بريدة,غير متحقق,طريق الملك فهد,arabica-star,king-fahd-2,"https://www.google.com/maps/search/?api=1&query=26.3567617,43.9654895",كافيه / مقهى,,,unknown,unknown,unknown,unknown,unknown,unknown,unknown,unknown,unknown,unknown,unknown,unknown,,,,سجل مكرر مرجّح لسجل Arabica Star الأساسي على محور الملك فهد.,,,,,medium,duplicate,arabica-star,Likely same Arabica Star point on King Fahd corridor,,2026-03-11,Cleaning pass 2: likely duplicate of arabica-star retained as duplicate
half-million-buraidah-3,cafes,هاف مليون,Half Million,هاف مليون,Half Million,بريدة,غير متحقق,بريدة,half-million,branch-3,"https://www.google.com/maps/search/?api=1&query=26.421905,43.9097288",كافيه,,,unknown,unknown,unknown,unknown,unknown,unknown,unknown,unknown,unknown,unknown,unknown,unknown,,,,مكرر مطابق للنقطة الأولى داخل مجموعة هاف مليون.,,,,,medium,duplicate,half-million-buraidah,Exact same pin/query as half-million-buraidah,,2026-03-11,Cleaning pass 2: exact duplicate of half-million-buraidah
dunkin-buraidah-south-2,cafes,دانكن,Dunkin,دانكن,Dunkin,بريدة,غير متحقق,بريدة,dunkin-buraidah,south-2,"https://www.google.com/maps/search/?api=1&query=26.0912499,43.9368849",كافيه,,,unknown,unknown,unknown,unknown,unknown,unknown,unknown,unknown,unknown,unknown,unknown,unknown,,,,مكرر مطابق للنقطة الجنوبية الأولى داخل مجموعة دانكن.,,,,,medium,duplicate,dunkin-buraidah-south-1,Exact same pin/query as dunkin-buraidah-south-1,,2026-03-11,Cleaning pass 2: exact duplicate of dunkin-buraidah-south-1
dunkin-buraidah-0865,cafes,دانكن دونتس,Dunkin Donuts,دانكن دونتس,Dunkin Donuts,بريدة,غير متحقق,بريدة,dunkin-buraidah,0865,"https://www.google.com/maps/search/?api=1&query=26.086505,43.9667477",كافيه,,,unknown,unknown,unknown,unknown,unknown,unknown,unknown,unknown,unknown,unknown,unknown,unknown,,,,مكرر مطابق للنقطة الشرقية المرجعية داخل مجموعة دانكن.,,,,,medium,duplicate,dunkin-buraidah-east-1,Exact same pin/query as dunkin-buraidah-east-1,,2026-03-11,Cleaning pass 2: exact duplicate of dunkin-buraidah-east-1
dunkin-buraidah-3929,cafes,دانكن,Dunkin,دانكن,Dunkin,بريدة,غير متحقق,طريق الملك سلمان,dunkin-buraidah,3929,"https://www.google.com/maps/search/?api=1&query=26.3929502,43.9248075",كافيه,,,unknown,unknown,unknown,unknown,unknown,unknown,unknown,unknown,unknown,unknown,unknown,unknown,,,,مكرر مطابق لنقطة الملك سلمان المرجعية.,,,,,medium,duplicate,dunkin-king-salman-buraidah,Exact same pin/query as dunkin-king-salman-buraidah,,2026-03-11,Cleaning pass 2: exact duplicate of dunkin-king-salman-buraidah
ble-cafe-buraidah,cafes,بلي,BLE Cafe,بلي,BLE Cafe,بريدة,غير متحقق,بريدة,ble-cafe,main,https://www.instagram.com/p/Ct6buQ4N3Yl/,كافيه,,,unknown,unknown,unknown,unknown,unknown,unknown,unknown,unknown,unknown,unknown,unknown,unknown,,,,مرشح حقيقي ظهر في نتائج بريدة ويستحق الإدخال coverage-first قبل الإثراء.,,,,,medium,discovered,,,,2026-03-11,Expansion Round 3 coverage from Google Search result pointing to Instagram mention for BLE Cafe in Buraidah | Cleaning pass: normalized garbled text where confidently recoverable
slm-coffee-buraidah,cafes,سِلْم | كافية,SLM Coffee,سِلْم | كافية,SLM Coffee,بريدة,غير متحقق,بريدة,slm-coffee,main,https://www.instagram.com/slmcoffee/,كافيه,,,unknown,unknown,unknown,unknown,unknown,unknown,unknown,unknown,unknown,unknown,unknown,unknown,https://www.instagram.com/slmcoffee/,,,حساب رسمي واضح يشير إلى كافيه في بريدة؛ أُدخل كسجل discovered بحده البنيوي الأدنى.,,,,,medium,discovered,,,,2026-03-11,Expansion Round 3 coverage from Google Search result + official Instagram account for Buraydah cafe | Cleaning pass: normalized garbled text where confidently recoverable
dose-cafe-buraidah-rayyan,cafes,دوز كافيه,Dose Cafe,دوز كافيه,Dose Cafe,بريدة,الريان,حي الريان، شارع البخاري,dose-cafe,rayyan,https://www.instagram.com/p/CIxY72DnyUl/,كافيه,,,unknown,unknown,unknown,unknown,unknown,unknown,unknown,unknown,unknown,unknown,unknown,unknown,,,,ظهر كفرع بريدة/الريان في نتيجة مباشرة؛ أُضيف coverage-first دون انتظار الإثراء.,,,,,medium,discovered,,,,2026-03-11,Expansion Round 3 coverage from Google Search result referencing Instagram post for Qassim/Buraidah Rayyan branch | Cleaning pass: normalized garbled text where confidently recoverable
estknan-coffee-buraidah,cafes,استكنان كافيه,Estknan Coffee,استكنان كافيه,Estknan Coffee,بريدة,البساتين,حي البساتين، طريق عمر بن عبدالعزيز,estknan-coffee,bastatin,https://www.instagram.com/estknan_coffee/,كافيه,,,unknown,unknown,unknown,unknown,unknown,unknown,unknown,unknown,unknown,unknown,unknown,unknown,https://www.instagram.com/estknan_coffee/,,,مرشح محلي حقيقي بمرجعية موقع مختصرة واضحة من Instagram/Google.,,,,,medium,discovered,,,,2026-03-11,Expansion Round 3 coverage from Google Search result + Instagram account snippet with Buraidah/Basatin location | Cleaning pass: normalized garbled text where confidently recoverable
qadh-coffee-buraidah,cafes,قدح كافيه,Qadh Coffee,قدح كافيه,Qadh Coffee,بريدة,غير متحقق,بريدة,qadh-coffee,main,https://www.instagram.com/qadh_coffee/,كافيه,,,unknown,unknown,unknown,unknown,unknown,unknown,unknown,unknown,unknown,unknown,unknown,unknown,https://www.instagram.com/qadh_coffee/,,,مرشح فعلي غير موجود في master؛ أُضيف كسجل discovered بدل تأجيله لنقص التفاصيل.,,,,,medium,discovered,,,,2026-03-11,Expansion Round 3 coverage from Google Search result + Instagram account for Qadh Coffee | Cleaning pass: normalized garbled text where confidently recoverable
avar-cafe-buraidah,cafes,أڤار كافيه,AVAR CAFE,أڤار كافيه,AVAR CAFE,بريدة,النهضة,حي النهضة,avar-cafe,nahdah,https://www.instagram.com/avarcafe/,كافيه,,,unknown,unknown,unknown,unknown,unknown,unknown,unknown,unknown,unknown,unknown,unknown,unknown,https://www.instagram.com/avarcafe/,,,اسم جديد ونظيف ظهر بمرجعية رسمية كافية لإدخاله ضمن coverage دون تعقيد زائد.,,,,,medium,discovered,,,,2026-03-11,Expansion Round 3 coverage from Google Search result + official Instagram account referencing Buraydah/Nahdah | Cleaning pass: normalized garbled text where confidently recoverable
alia-caffee-buraidah,cafes,علياء كافيه,Alia Caffee,علياء كافيه,Alia Caffee,بريدة,الأفق,حي الأفق,alia-caffee,ufuq,https://www.instagram.com/alia_caffee/,كافيه,,,unknown,unknown,unknown,unknown,unknown,unknown,unknown,unknown,unknown,unknown,unknown,unknown,https://www.instagram.com/alia_caffee/,,من 4 عصراً إلى 12 ظهراً تقريبًا,مرشح حقيقي بمرجع رسمي واضح، أُدخل coverage-first دون انتظار طبقة إثراء أعمق.,,,,,medium,discovered,,,,2026-03-11,Expansion Round 4 coverage from Google Search result + Instagram account snippet showing Buraidah / Al Ufuq and long operating hours | Cleaning pass: normalized garbled text where confidently recoverable
bentte-cafe-buraidah,cafes,بنتي كافيه,Bentte Cafe,بنتي كافيه,Bentte Cafe,بريدة,غير متحقق,بريدة، القصيم,bentte-cafe,main,https://www.instagram.com/benttecafe/,كافيه,,,unknown,unknown,unknown,yes,unknown,unknown,unknown,unknown,unknown,unknown,unknown,unknown,https://www.instagram.com/benttecafe/,,يوميًا 7:30 ص - 1:00 ص,سجل جديد واضح الهوية والموقع العام؛ مناسب للإدخال السريع كـ discovered.,,,,,medium,discovered,,,,2026-03-11,"Expansion Round 4 coverage from Google Search result + Instagram account explicitly located in Buraidah, Qassim | Cleaning pass: normalized garbled text where confidently recoverable"
khawr-cafe-buraidah,cafes,خور كافيه,Khawr Cafe,خور كافيه,Khawr Cafe,بريدة,الإسكان,حي الإسكان، طريق أبو بكر الصديق,khawr-cafe,iskan,https://www.instagram.com/p/DUs_k5CjFaG/,كافيه,,,unknown,unknown,unknown,unknown,unknown,unknown,unknown,unknown,unknown,unknown,unknown,unknown,,,,مرشح محلي حقيقي غير موجود في master وظهر بموقع مختصر كافٍ لإدخاله مباشرة.,,,,,medium,discovered,,,,2026-03-11,Expansion Round 4 coverage from recent Instagram post surfaced in Google results mentioning Khawr Cafe in Buraidah / Al Iskan / Abu Bakr road | Cleaning pass: normalized garbled text where confidently recoverable
another-side-cafe-buraidah,cafes,ANOTHERSIDE CAFE,Another Side Cafe,ANOTHERSIDE CAFE,Another Side Cafe,بريدة,المونسية,حي المونسية,another-side-cafe,munisiyah,https://www.instagram.com/reel/DMDk0dita-U/,كافيه,,,unknown,unknown,unknown,unknown,unknown,unknown,unknown,unknown,unknown,unknown,unknown,unknown,,,,أُدخل كسجل coverage-first لأنه مرشح فعلي مع اسم وموقع مختصر ومرجع كافٍ، حتى قبل الإثراء.,,,,,medium,discovered,,,,2026-03-11,"Expansion Round 4 coverage from Instagram reel snippet surfaced in Google results mentioning ANOTHERSIDE CAFE in Al Munisiyah, Buraidah | Cleaning pass: normalized garbled text where confidently recoverable"
eleven-cafe-buraidah,cafes,ELEVEN CAFE,ELEVEN CAFE,ELEVEN CAFE,ELEVEN CAFE,بريدة,غير متحقق,بريدة,eleven-cafe,buraidah,https://www.instagram.com/elevencaf/,كافيه / قهوة مختصة,,,unknown,unknown,unknown,unknown,unknown,unknown,unknown,unknown,unknown,unknown,yes,unknown,https://www.instagram.com/elevencaf/,,,علامة حقيقية لها حضور في بريدة ومرجع رسمي كافٍ للإدخال coverage-first.,,,,,medium,discovered,,,,2026-03-11,Expansion Round 5 coverage from Google Search result + Instagram account listing Buraidah among branches | Cleaning pass: normalized garbled text where confidently recoverable
vellucci-cafe-buraidah,cafes,فيلوتشي,Vellucci Cafe,فيلوتشي,Vellucci Cafe,بريدة,الريان,شارع البخاري,vellucci-cafe,bukhari,https://www.instagram.com/reel/CyrTt6dtd61/,كافيه,,,unknown,unknown,unknown,unknown,unknown,unknown,unknown,unknown,unknown,unknown,unknown,yes,,,,مرشح محلي مباشر بموقع مختصر واضح في بريدة؛ أُضيف دون انتظار إثراء إضافي.,,,,,medium,discovered,,,,2026-03-11,Expansion Round 5 coverage from Instagram reel surfaced in Google results mentioning Buraidah / Al Bukhari street | Cleaning pass: normalized garbled text where confidently recoverable
luzz-cafe-buraidah,cafes,لِز,Luzz Cafe,لِز,Luzz Cafe,بريدة,النهضة,حي النهضة، شارع عثمان بن عفان,luzz-cafe,nahdah,https://www.instagram.com/p/DJi9jUdMIJ6/,كافيه,,,unknown,unknown,unknown,unknown,unknown,unknown,unknown,unknown,unknown,unknown,unknown,unknown,,,,سجل coverage جديد لاسم ظهر بوضوح مع عنوان مختصر داخل بريدة.,,,,,medium,discovered,,,,2026-03-11,Expansion Round 5 coverage from Instagram post surfaced in Google results mentioning Nahdah / Uthman bin Affan in Buraidah | Cleaning pass: normalized garbled text where confidently recoverable
view-cafe-buraidah,cafes,ڤيو كافيه,View Cafe,ڤيو كافيه,View Cafe,بريدة,غير متحقق,بريدة,view-cafe,buraidah,https://www.instagram.com/view_coffee/,كافيه,,,unknown,unknown,unknown,unknown,unknown,unknown,unknown,unknown,unknown,unknown,unknown,unknown,https://www.instagram.com/view_coffee/,,,فرع بريدة مرشح حقيقي ضمن علامة متعددة الفروع؛ أُدخل كسجل discovered خفيف.,,,,,medium,discovered,,,,2026-03-11,Expansion Round 5 coverage from Google Search result + Instagram account listing Buraidah among branches | Cleaning pass: normalized garbled text where confidently recoverable
artal-cafe-buraidah,cafes,قهوة أرتال,Artal Cafe,قهوة أرتال,Artal Cafe,بريدة,السلطانة,حي السلطانة,artal-cafe,sultanah,https://www.instagram.com/p/CE9j7NxpO_e/,كافيه,,,unknown,unknown,unknown,unknown,unknown,unknown,unknown,unknown,unknown,unknown,unknown,unknown,,,,مرشح واضح داخل حي السلطانة ويستحق الإدخال المبكر بدل تأجيله.,,,,,medium,discovered,,,,2026-03-11,Expansion Round 5 coverage from Instagram post surfaced in Google results mentioning Artal cafe in Buraidah / Al Sultanah | Cleaning pass: normalized garbled text where confidently recoverable
round-cafe-qurtubah-buraidah,cafes,راوند كافيه,Round Cafe,راوند كافيه,Round Cafe,بريدة,قرطبة,حي قرطبة,round-cafe,qurtubah,https://www.instagram.com/reel/DP9odjJiCRi/,كافيه,,,unknown,unknown,unknown,unknown,unknown,unknown,unknown,unknown,unknown,unknown,unknown,unknown,,,,فرع جديد مرشح بمرجع حديث وموقع مختصر واضح؛ مناسب لجولة coverage أكبر.,,,,,medium,discovered,,,,2026-03-11,Expansion Round 5 coverage from Instagram reel surfaced in Google results mentioning new Round Cafe branch in Buraidah / Qurtubah | Cleaning pass: normalized garbled text where confidently recoverable
copper-cup-buraidah-rayyan,cafes,Copper Cup,Copper Cup,Copper Cup,Copper Cup,بريدة,الريان,حي الريان,copper-cup,rayyan,https://www.instagram.com/bloomandflux/,مقهى / قهوة مختصة,,,unknown,unknown,unknown,yes,unknown,unknown,unknown,unknown,unknown,unknown,yes,unknown,,,24 ساعة,أُضيف بعتبة منخفضة لأنه مرشح محلي حقيقي ظهر بملخص واضح، مع ترك التحقق التفصيلي لاحقًا.,,,,,low,discovered,,,,2026-03-11,Expansion Round 5 coverage from local cafe roundup result citing Copper Cup as specialty coffee cafe in Buraidah / Al Rayyan; kept light intentionally | Cleaning pass: normalized garbled text where confidently recoverable
tropicano-cafe-buraidah,cafes,تروبيكانو كافيه,TROPICANO Cafe,تروبيكانو كافيه,TROPICANO Cafe,بريدة,غير متحقق,الجديعي مول، بريدة,tropicano-cafe,al-jedai-mall,https://www.instagram.com/tropican.o/,مقهى / قهوة مختصة,,,unknown,unknown,unknown,unknown,unknown,unknown,unknown,unknown,unknown,unknown,yes,unknown,https://www.instagram.com/tropican.o/,,يوميًا 8:30 ص – 12:00 ص,مرشح حقيقي وواضح المرجع مع موقع مختصر صالح للإدخال coverage-first.,,,,,medium,discovered,,,,2026-03-11,"Expansion Round 6 coverage from Google Search result + Instagram account explicitly referencing Al Jedai Mall, Buraydah"
find-ann-cafe-buraidah,cafes,فايند آن,Find Ann,فايند آن,Find Ann,بريدة,غير متحقق,بريدة,find-ann-cafe,main,https://www.instagram.com/reel/DFNoLtRNItz/,كافيه,,,unknown,unknown,unknown,unknown,unknown,unknown,unknown,unknown,unknown,unknown,unknown,unknown,,,,ذُكر ككافيه جديد في بريدة؛ أُضيف بسجل coverage خفيف بدل تأجيله.,,,,,medium,discovered,,,,2026-03-11,Expansion Round 6 coverage from Instagram reel surfaced in Google results naming @find.ann as a new cafe in Buraidah
hiwar-cafe-buraidah,cafes,حوار كافيه,Hiwar Cafe,حوار كافيه,Hiwar Cafe,بريدة,غير متحقق,بريدة,hiwar-cafe,main,https://www.instagram.com/p/DUnW3iQjDCv/,كافيه,,,unknown,unknown,unknown,unknown,unknown,unknown,unknown,unknown,unknown,unknown,unknown,yes,,,,مرشح محلي جديد ظهر بوضوح في نتائج بريدة ويستحق الإدخال المبكر.,,,,,medium,discovered,,,,2026-03-11,Expansion Round 6 coverage from recent Instagram post surfaced in Google results mentioning Hiwar Cafe in Buraidah
luster-cafe-buraidah,cafes,لوستير كافيه,Luster Cafe,لوستير كافيه,Luster Cafe,بريدة,غير متحقق,طريق محمد بن سيرين، بريدة,luster-cafe,mohammed-bin-sirin,https://www.instagram.com/p/Cn42KhmLI_N/,كافيه,,,unknown,unknown,unknown,unknown,unknown,unknown,yes,unknown,unknown,unknown,unknown,unknown,,,4:00 م - 12:00 ص,ظهر بعنوان مختصر مفيد داخل بريدة؛ مناسب جدًا لجولة رفع التغطية العددية.,,,,,medium,discovered,,,,2026-03-11,Expansion Round 6 coverage from Instagram post surfaced in Google results mentioning Luster Cafe on Mohammed bin Sirin road in Buraidah
brio-cafe-buraidah,cafes,بريو كافيه,Brio Cafe,بريو كافيه,Brio Cafe,بريدة,غير متحقق,بريدة,brio-cafe,main,https://www.instagram.com/p/DLlKFMxoweZ/,كافيه,,,unknown,unknown,unknown,unknown,unknown,unknown,unknown,unknown,unknown,unknown,unknown,unknown,,,,إدخال coverage خفيف لمرشح حقيقي ظهر في سياق كوفيهات بريدة، مع إبقاء الثقة منخفضة مؤقتًا.,,,,,low,discovered,,,,2026-03-11,Expansion Round 6 coverage from Instagram result mentioning Brio Cafe in Buraidah context; kept light intentionally
labioma-cafe-buraidah,cafes,لابيوما كافيه,Labioma Cafe,لابيوما كافيه,Labioma Cafe,بريدة,البساتين,حي البساتين شرق بريدة,labioma-cafe,bastatin-east,https://www.instagram.com/reel/DTdiOPoDAk2/,كافيه,,,unknown,unknown,unknown,unknown,unknown,unknown,unknown,unknown,unknown,unknown,unknown,unknown,,,,مرشح حيّ البساتين ظهر مباشرة في نتائج البحث الشبكية، لذلك دخل coverage-first فورًا.,,,,,medium,discovered,,,,2026-03-11,Expansion Round 7 district sweep from Instagram reel surfaced in Google results for Al Basatin / East Buraidah
thekra-cafe-buraidah,cafes,ذكرى كافيه,Thekra Cafe,ذكرى كافيه,Thekra Cafe,بريدة,البساتين,مزار البستان، بريدة,thekra-cafe,mazar-al-bustan,https://www.instagram.com/reel/DU5G?placeholder,كافيه,,,unknown,unknown,unknown,unknown,unknown,unknown,unknown,unknown,unknown,unknown,unknown,unknown,,,,دخل كسجل discovered لأن موقعه المختصر واضح داخل البستان حتى لو المرجع ما زال خفيفًا.,,,,,medium,discovered,,,,2026-03-11,"Expansion Round 7 district sweep from Google result snippet referencing @thekra_cafe in Mazar Al Bustan, Buraidah; stored as light coverage record"
liberta-cafe-buraidah,cafes,ليبيرتا,Liberta,ليبيرتا,Liberta,بريدة,البساتين,فرع البساتين، بريدة,liberta-cafe,bastatin,https://www.instagram.com/liberta_ksa/,مقهى / قهوة مختصة,,,unknown,unknown,unknown,unknown,unknown,unknown,unknown,unknown,unknown,unknown,yes,unknown,https://www.instagram.com/liberta_ksa/,,,فرع واضح في البساتين مع إشارة مباشرة للقهوة المختصة، وهذا كافٍ لإدخاله ضمن التغطية.,,,,,medium,discovered,,,,2026-03-11,Expansion Round 7 district sweep from Google result + Instagram account snippet explicitly mentioning Buraidah Al Basatin branch
tatli-cafe-buraidah,cafes,تاتلي كافيه,Tatli Cafe,تاتلي كافيه,Tatli Cafe,بريدة,البساتين,الدائري الشرقي الداخلي، بجانب نقوة اند فوندو,tatli-cafe,bastatin-east,https://www.instagram.com/p/old-tatli-buraidah/,كافيه,,,unknown,unknown,unknown,unknown,unknown,unknown,unknown,unknown,unknown,unknown,unknown,yes,,,,اسم محلي ظاهر بعنوان مختصر صالح، لذلك دخل مباشرة دون انتظار تفاصيل إضافية.,,,,,medium,discovered,,,,2026-03-11,Expansion Round 7 district sweep from Google result snippet mentioning Tatli Cafe in Al Basatin on the eastern inner ring road
simpri-cafe-buraidah,cafes,سيمبري كافية,Simpri Cafe,سيمبري كافية,Simpri Cafe,بريدة,البساتين,حي البساتين، بريدة,simpri-cafe,bastatin,https://www.instagram.com/reel/wbj-bastatin-branch/,كافيه,,,unknown,unknown,unknown,unknown,unknown,unknown,unknown,unknown,unknown,unknown,unknown,unknown,,,,مرشح جديد في البساتين؛ أُضيف رغم خفة المرجع لأن معيار جولات coverage هنا مقصود أن يكون واسعًا.,,,,,low,discovered,,,,2026-03-11,"Expansion Round 7 district sweep from Google result snippet mentioning Simpri Cafe opening in Al Basatin, Buraidah; kept as low-confidence discovered"
